Ciudad,Colonia,operacion,tipo_propiedad,PxM2_median,periodo
Desconocido,Desconocida,Ven,Cas,35800.21572463768,Sep25
Desconocido,Desconocida,Ven,Ofc,55533.333333333336,Sep25
Desconocido,Desconocida,Ven,Terreno / Lote,16900.0,Sep25
Gdl,1 de Mayo,Ven,Cas,6364.959409594096,Sep25
Gdl,18 de Marzo,Ven,Cas,36181.81818181818,Sep25
Gdl,5 de Mayo,Ven,Cas,12450.0,Sep25
Gdl,8 de Julio,Ven,Cas,21780.30303030303,Sep25
Gdl,8 de Julio,Ven,Local comercial,27325.58139534884,Sep25
Gdl,8 de Julio,Ven,Terreno / Lote,16430.594900849857,Sep25
Gdl,Aaron Joaquín,Ven,Cas,22727.272727272728,Sep25
Gdl,Agustín Yáñez (La Florida),Ven,Cas,35106.382978723406,Sep25
Gdl,Alcalde Barranquitas,Ven,Cas,29247.62550881954,Sep25
Gdl,Alcalde Barranquitas,Ven,Dep,44760.35256410256,Sep25
Gdl,Aldama Tetlán,Ven,Cas,18096.698113207545,Sep25
Gdl,Americana,Ven,Cas,42279.41176470588,Sep25
Gdl,Americana,Ven,Dep,62609.55319148936,Sep25
Gdl,Americana,Ven,Local comercial,42121.21212121212,Sep25
Gdl,Americana,Ven,Ofc,22167.487684729065,Sep25
Gdl,Analco,Ven,Cas,10212.765957446809,Sep25
Gdl,Analco,Ven,Dep,23250.0,Sep25
Gdl,Analco,Ven,Local comercial,9529.411764705885,Sep25
Gdl,Arandas,Ven,Cas,12462.18487394958,Sep25
Gdl,Arboledas Sur,Ven,Cas,45800.0,Sep25
Gdl,Arcos,Ven,Cas,40769.230769230766,Sep25
Gdl,Arcos,Ven,Dep,54415.58441558442,Sep25
Gdl,Arcos,Ven,Local comercial,67460.31746031746,Sep25
Gdl,Arcos,Ven,Terreno / Lote,40832.04930662558,Sep25
Gdl,Arcos Vallarta,Ven,Cas,30866.107452986405,Sep25
Gdl,Arcos Vallarta,Ven,Dep,61172.44766009852,Sep25
Gdl,Arcos Vallarta,Ven,Local comercial,39979.68125638881,Sep25
Gdl,Arcos Vallarta,Ven,Ofc,30573.613766730403,Sep25
Gdl,Arcos Vallarta,Ven,Terreno / Lote,47484.756097560974,Sep25
Gdl,Artesanos (Sagrada Familia y/o Jesús),Ven,Cas,27349.726775956286,Sep25
Gdl,Artesanos (Sagrada Familia y/o Jesús),Ven,Dep,46621.62162162162,Sep25
Gdl,Atlas,Ven,Cas,22765.734265734267,Sep25
Gdl,Atlas,Ven,Dep,43950.43421052631,Sep25
Gdl,Autocinema,Ven,Cas,27331.683076923073,Sep25
Gdl,Ayuntamiento,Ren,Dep,48701.2987012987,Sep25
Gdl,Ayuntamiento,Ven,Cas,32854.4061302682,Sep25
Gdl,Ayuntamiento,Ven,Dep,46695.09494179045,Sep25
Gdl,Balcones de Oblatos,Ven,Cas,23076.92307692308,Sep25
Gdl,Barragán Hernández,Ven,Dep,36820.22222222222,Sep25
Gdl,Barragán Hernández,Ven,Local comercial,25384.615384615383,Sep25
Gdl,Beatriz Hernández,Ven,Cas,18456.862745098042,Sep25
Gdl,Belisario Domínguez,Ven,Cas,15601.503759398496,Sep25
Gdl,Benito Juárez,Ven,Cas,15827.338129496404,Sep25
Gdl,Benito Juárez,Ven,Local comercial,17857.14285714286,Sep25
Gdl,Blanco y Cuellar,Ven,Cas,16227.272727272728,Sep25
Gdl,Blanco y Cuellar,Ven,Dep,34042.55319148936,Sep25
Gdl,Bosques de La Victoria,Ven,Cas,22008.547008547008,Sep25
Gdl,Bosques de La Victoria,Ven,Dep,40677.96610169492,Sep25
Gdl,Bosques del Boulevard,Ven,Cas,9790.20979020979,Sep25
Gdl,Centro,Ven,Cas,17538.412109676843,Sep25
Gdl,Centro,Ven,Dep,56776.96078431373,Sep25
Gdl,Centro,Ven,Local comercial,34002.62467191601,Sep25
Gdl,Centro Barranquitas,Ven,Cas,11450.381679389311,Sep25
Gdl,Chapalita,Ven,Cas,32386.22291021672,Sep25
Gdl,Chapalita,Ven,Dep,62888.88888888889,Sep25
Gdl,Chapalita,Ven,Ofc,19987.5,Sep25
Gdl,Chapultepec Country,Ven,Cas,30303.030303030304,Sep25
Gdl,Chapultepec Country,Ven,Dep,58986.44285714286,Sep25
Gdl,Circunvalación Américas,Ven,Dep,64395.833333333336,Sep25
Gdl,Circunvalación Belisario,Ven,Cas,22000.0,Sep25
Gdl,Circunvalación Oblatos,Ven,Cas,25720.939969644634,Sep25
Gdl,Circunvalación Oblatos,Ven,Terreno / Lote,14001.260239445495,Sep25
Gdl,Circunvalación Vallarta,Ven,Cas,50000.0,Sep25
Gdl,Circunvalación Vallarta,Ven,Dep,63899.04655870445,Sep25
Gdl,Circunvalación Vallarta,Ven,Ofc,54062.5,Sep25
Gdl,Colinas de Huentitán,Ven,Cas,34222.22222222222,Sep25
Gdl,Colinas de La Normal,Ven,Cas,19745.762711864405,Sep25
Gdl,Colinas de San Javier,Ven,Cas,47169.81132075472,Sep25
Gdl,Colinas de San Javier,Ven,Dep,56382.97872340425,Sep25
Gdl,Colomos,Ven,Cas,37235.294117647056,Sep25
Gdl,Colomos,Ven,Dep,50502.27047758443,Sep25
Gdl,Colomos Providencia,Ven,Cas,38479.432013769365,Sep25
Gdl,Colomos Providencia,Ven,Dep,67961.16504854368,Sep25
Gdl,Colomos Providencia,Ven,Local comercial,75000.0,Sep25
Gdl,Colon,Ven,Cas,17288.990825688074,Sep25
Gdl,Colon Industrial,Ven,Cas,22793.087869889314,Sep25
Gdl,Country Club,Ven,Cas,67827.58620689655,Sep25
Gdl,Country Club,Ven,Dep,64721.95084300233,Sep25
Gdl,Country Club,Ven,Ofc,63790.0,Sep25
Gdl,Del Bosque,Ven,Cas,26189.327220814735,Sep25
Gdl,Del Bosque,Ven,Dep,38823.52941176471,Sep25
Gdl,Del Fresno,Ven,Cas,20000.0,Sep25
Gdl,Del Fresno,Ven,Dep,44154.588709677424,Sep25
Gdl,Del Fresno,Ven,Local comercial,28933.55390129584,Sep25
Gdl,Del Fresno,Ven,Terreno / Lote,18527.131782945737,Sep25
Gdl,Del Sur,Ven,Cas,23323.938992042444,Sep25
Gdl,Dr. Valentín Gómez Farías,Ven,Dep,32240.0,Sep25
Gdl,Echeverria,Ven,Cas,16433.555825242718,Sep25
Gdl,El Bethel,Ven,Cas,23888.88888888889,Sep25
Gdl,El Carmen,Ven,Cas,11052.631578947368,Sep25
Gdl,El Carmen,Ven,Local comercial,47161.4,Sep25
Gdl,El Dean,Ven,Cas,34610.29482377797,Sep25
Gdl,El Dean,Ven,Dep,43456.14035087719,Sep25
Gdl,El Manantial,Ven,Dep,33422.769230769234,Sep25
Gdl,El Rastro,Ven,Dep,32785.087719298244,Sep25
Gdl,El Retiro,Ven,Cas,16950.35460992908,Sep25
Gdl,El Retiro,Ven,Dep,41882.69230769231,Sep25
Gdl,El Rosario,Ven,Cas,22674.424138587474,Sep25
Gdl,El Rosario,Ven,Dep,34107.142857142855,Sep25
Gdl,El Sauz,Ven,Cas,36363.63636363636,Sep25
Gdl,El Sauz,Ven,Dep,28742.452830188682,Sep25
Gdl,El Verde (Planetario),Ven,Dep,20295.66843220339,Sep25
Gdl,Electricistas,Ven,Cas,19043.650793650795,Sep25
Gdl,Ferrocarril,Ven,Cas,13757.575757575758,Sep25
Gdl,Ferrocarril,Ven,Local comercial,16666.666666666668,Sep25
Gdl,Fidel Velázquez,Ven,Dep,39493.34616001282,Sep25
Gdl,Fovissste Estadio,Ven,Dep,25648.14814814815,Sep25
Gdl,Fábrica de Atemajac,Ven,Dep,27794.117647058825,Sep25
Gdl,Heliodoro Hernández Loza,Ven,Cas,13480.0,Sep25
Gdl,Hermosa Provincia,Ven,Local comercial,29906.54205607477,Sep25
Gdl,Hernández Romo,Ven,Cas,17450.980392156864,Sep25
Gdl,Hernández Romo,Ven,Local comercial,13440.860215053764,Sep25
Gdl,Hormiguero,Ven,Dep,29682.53968253968,Sep25
Gdl,Huentitán El Alto,Ven,Dep,35646.55172413793,Sep25
Gdl,Huentitán El Bajo,Ven,Cas,26098.9010989011,Sep25
Gdl,Huentitán El Bajo,Ven,Dep,41929.82456140351,Sep25
Gdl,Huerta Baeza,Ven,Cas,18882.46628131021,Sep25
Gdl,Independencia,Ven,Cas,24330.25911286781,Sep25
Gdl,Independencia,Ven,Dep,32230.94935064935,Sep25
Gdl,Independencia Oriente,Ven,Cas,21557.826520438684,Sep25
Gdl,Independencia Oriente,Ven,Dep,36833.6439888164,Sep25
Gdl,Independencia Oriente,Ven,Ofc,26530.61224489796,Sep25
Gdl,Insurgentes,Ven,Cas,19166.666666666668,Sep25
Gdl,Insurgentes,Ven,Local comercial,80000.0,Sep25
Gdl,Italia Providencia,Ven,Cas,35060.9756097561,Sep25
Gdl,Italia Providencia,Ven,Dep,62525.51606288448,Sep25
Gdl,Jardines Alcalde,Ven,Cas,26081.424936386768,Sep25
Gdl,Jardines Alcalde,Ven,Dep,47872.34042553192,Sep25
Gdl,Jardines Plaza del Sol,Ven,Cas,32635.98326359833,Sep25
Gdl,Jardines Plaza del Sol,Ven,Ofc,42727.27272727273,Sep25
Gdl,Jardines de Guadalupe,Ven,Cas,24870.01733102253,Sep25
Gdl,Jardines de La Cruz,Ven,Cas,28235.29411764706,Sep25
Gdl,Jardines de La Cruz,Ven,Dep,24000.0,Sep25
Gdl,Jardines de La Paz,Ven,Cas,28651.685393258427,Sep25
Gdl,Jardines de La Paz,Ven,Dep,23855.421686746988,Sep25
Gdl,Jardines de Los Arcos,Ven,Cas,31617.576165902137,Sep25
Gdl,Jardines de Los Arcos,Ven,Dep,58000.0,Sep25
Gdl,Jardines de Los Historiadores,Ven,Cas,29192.30769230769,Sep25
Gdl,Jardines de Los Historiadores,Ven,Local comercial,15121.212121212122,Sep25
Gdl,Jardines de Los Poetas,Ven,Dep,29981.060606060604,Sep25
Gdl,Jardines de San Francisco,Ven,Cas,13736.263736263736,Sep25
Gdl,Jardines de San José,Ven,Cas,30000.0,Sep25
Gdl,Jardines de San José,Ven,Dep,32738.09523809524,Sep25
Gdl,Jardines de Santa Isabel,Ven,Cas,41569.26673228346,Sep25
Gdl,Jardines del Bosque,Ven,Cas,27818.18181818182,Sep25
Gdl,Jardines del Bosque,Ven,Dep,54267.857142857145,Sep25
Gdl,Jardines del Bosque,Ven,Local comercial,36463.41463414634,Sep25
Gdl,Jardines del Bosque,Ven,Ofc,30685.16183270282,Sep25
Gdl,Jardines del Country,Ven,Cas,29296.875,Sep25
Gdl,Jardines del Country,Ven,Dep,58091.10794602698,Sep25
Gdl,Jardines del Rosario,Ven,Dep,24990.909090909092,Sep25
Gdl,Jardines del Sauz,Ven,Cas,30768.25396825397,Sep25
Gdl,Jardines del Sauz,Ven,Dep,20161.290322580644,Sep25
Gdl,Jardines del Sur,Ven,Cas,42029.91452991453,Sep25
Gdl,Jardines del Sur,Ven,Dep,34319.54137587239,Sep25
Gdl,Juan Manuel,Ven,Cas,58717.253839205056,Sep25
Gdl,Juan Manuel,Ven,Dep,92962.51714285713,Sep25
Gdl,Juan Manuel,Ven,Ofc,27304.96453900709,Sep25
Gdl,La Aurora,Ven,Dep,32622.950819672133,Sep25
Gdl,La Cruz,Ven,Cas,29268.29268292683,Sep25
Gdl,La Cruz,Ven,Dep,39857.142857142855,Sep25
Gdl,La Cruz,Ven,Ofc,27941.176470588234,Sep25
Gdl,La Esperanza (La Federacha),Ven,Cas,15733.333333333334,Sep25
Gdl,La Guadalupana,Ven,Cas,15909.09090909091,Sep25
Gdl,La Guadalupana,Ven,Dep,46703.0,Sep25
Gdl,La Joya,Ven,Cas,17272.727272727272,Sep25
Gdl,La Loma,Ven,Cas,22857.14285714286,Sep25
Gdl,La Loma,Ven,Dep,36585.365853658535,Sep25
Gdl,La Paz,Ven,Cas,14166.666666666666,Sep25
Gdl,La Penal,Ven,Cas,16164.874551971327,Sep25
Gdl,La Penal,Ven,Dep,27720.118118376842,Sep25
Gdl,La Perla,Ven,Cas,15448.91640866873,Sep25
Gdl,La Perla,Ven,Local comercial,26339.285714285717,Sep25
Gdl,La Perla,Ven,Ofc,23450.0,Sep25
Gdl,Ladrón de Guevara,Ven,Cas,34485.71905988372,Sep25
Gdl,Ladrón de Guevara,Ven,Dep,61019.18569935812,Sep25
Gdl,Ladrón de Guevara,Ven,Local comercial,44642.857142857145,Sep25
Gdl,Ladrón de Guevara,Ven,Ofc,60906.838461538464,Sep25
Gdl,Ladrón de Guevara,Ven,Terreno / Lote,27536.23188405797,Sep25
Gdl,Lagos de Oriente,Ven,Cas,11500.0,Sep25
Gdl,Lagos de Oriente,Ven,Dep,23243.243243243243,Sep25
Gdl,Lagos del Country,Ven,Cas,32307.69230769231,Sep25
Gdl,Las Conchas,Ven,Cas,9411.764705882351,Sep25
Gdl,Las Conchas,Ven,Dep,38783.461679501284,Sep25
Gdl,Las Huertas,Ven,Cas,24939.73214285714,Sep25
Gdl,Las Torres,Ven,Cas,19834.710743801654,Sep25
Gdl,Libertad,Ven,Cas,20000.0,Sep25
Gdl,Libertad,Ven,Dep,20441.176470588234,Sep25
Gdl,Lomas Independencia,Ven,Cas,21000.0,Sep25
Gdl,Lomas de Guevara,Ven,Cas,39049.72608512432,Sep25
Gdl,Lomas de Guevara,Ven,Dep,63514.112491490814,Sep25
Gdl,Lomas de Guevara,Ven,Terreno / Lote,50000.0,Sep25
Gdl,Lomas de Independencia,Ven,Cas,32017.54385964912,Sep25
Gdl,Lomas de Independencia,Ven,Dep,34558.82352941176,Sep25
Gdl,Lomas de Oblatos,Ven,Cas,12217.194570135747,Sep25
Gdl,Lomas de Polanco,Ven,Cas,12320.261437908499,Sep25
Gdl,Lomas de Polanco,Ven,Local comercial,10472.972972972972,Sep25
Gdl,Lomas de Providencia,Ven,Cas,39062.5,Sep25
Gdl,Lomas de Providencia,Ven,Dep,49947.36842105263,Sep25
Gdl,Lomas de Rio Verde,Ven,Cas,10382.513661202183,Sep25
Gdl,Lomas de San Eugenio,Ven,Cas,19642.85714285714,Sep25
Gdl,Lomas de San Eugenio,Ven,Dep,21554.054054054053,Sep25
Gdl,Lomas del Country,Ven,Cas,30676.56765676568,Sep25
Gdl,Lomas del Country,Ven,Dep,61158.767419962336,Sep25
Gdl,Lomas del Gallo,Ven,Cas,12621.14537444934,Sep25
Gdl,Lomas del Paradero,Ven,Cas,41250.0,Sep25
Gdl,Lomas del Paraíso I,Ven,Cas,12254.901960784313,Sep25
Gdl,Lomas del Paraíso I,Ven,Dep,18044.444444444445,Sep25
Gdl,Lomas del Paraíso III,Ven,Cas,37931.03448275862,Sep25
Gdl,Lomas del Paraíso III,Ven,Dep,35375.409423028475,Sep25
Gdl,Los Arrayanes,Ven,Cas,24789.537712895377,Sep25
Gdl,Lázaro Cárdenas,Ven,Cas,19067.79661016949,Sep25
Gdl,López Portillo,Ven,Dep,34340.0,Sep25
Gdl,López de Legazpi,Ven,Cas,26363.636363636364,Sep25
Gdl,Magaña,Ven,Cas,13245.033112582782,Sep25
Gdl,Magaña,Ven,Dep,30007.56048387097,Sep25
Gdl,Margarita Maza de Juárez,Ven,Dep,44705.882352941175,Sep25
Gdl,Mexicaltzingo,Ven,Dep,43461.90178571428,Sep25
Gdl,Mezquitán,Ven,Cas,33098.59154929577,Sep25
Gdl,Mezquitán,Ven,Dep,56494.93736263737,Sep25
Gdl,Mezquitán,Ven,Local comercial,41112.65671641791,Sep25
Gdl,Mezquitán Country,Ven,Cas,22687.417072091994,Sep25
Gdl,Mezquitán Country,Ven,Dep,44285.71428571428,Sep25
Gdl,Miraflores,Ven,Dep,38235.294117647056,Sep25
Gdl,Miravalle,Ven,Cas,21323.529411764703,Sep25
Gdl,Modelo,Ven,Cas,46428.57142857143,Sep25
Gdl,Moderna,Ven,Cas,27868.852459016394,Sep25
Gdl,Moderna,Ven,Dep,53932.839598997496,Sep25
Gdl,Moderna,Ven,Local comercial,21026.89486552567,Sep25
Gdl,Moderna,Ven,Terreno / Lote,18892.50814332248,Sep25
Gdl,Monraz,Ven,Cas,33750.0,Sep25
Gdl,Monraz,Ven,Dep,65754.90196078432,Sep25
Gdl,Monumental,Ven,Cas,17812.5,Sep25
Gdl,Monumental,Ven,Dep,32831.57894736842,Sep25
Gdl,Morelos,Ven,Cas,20232.14285714286,Sep25
Gdl,Niños Héroes,Ven,Dep,51190.47619047619,Sep25
Gdl,Nueva España,Ven,Dep,44209.14573070608,Sep25
Gdl,Oblatos,Ven,Cas,20625.0,Sep25
Gdl,Oblatos,Ven,Dep,35443.97142857143,Sep25
Gdl,Oblatos Pte.,Ven,Cas,19522.886363636364,Sep25
Gdl,Obrera,Ven,Cas,32231.427333766514,Sep25
Gdl,Obrera,Ven,Dep,59011.90476190476,Sep25
Gdl,Obrera,Ven,Local comercial,37433.1550802139,Sep25
Gdl,Obrera,Ven,Terreno / Lote,28818.68131868132,Sep25
Gdl,Observatorio,Ven,Cas,28457.71144278607,Sep25
Gdl,Observatorio,Ven,Dep,36741.379310344826,Sep25
Gdl,Olimpica,Ven,Cas,19664.502164502162,Sep25
Gdl,Olimpica,Ven,Local comercial,11272.727272727272,Sep25
Gdl,Panorámica de Huentitán,Ven,Cas,14873.20082248115,Sep25
Gdl,Panorámica de Huentitán,Ven,Local comercial,22260.27397260274,Sep25
Gdl,Parques del Nilo 2a Sección,Ven,Cas,4005.933333333333,Sep25
Gdl,Plutarco Elías Calles,Ven,Cas,18487.394957983197,Sep25
Gdl,Polanco,Ven,Dep,22702.702702702703,Sep25
Gdl,Popular Hornos,Ven,Cas,27959.183673469382,Sep25
Gdl,Popular Hornos,Ven,Dep,34931.50684931507,Sep25
Gdl,Postes Cuates,Ven,Cas,14548.022598870057,Sep25
Gdl,Prados Providencia,Ven,Cas,39618.437956204376,Sep25
Gdl,Prados Providencia,Ven,Dep,58140.86320774311,Sep25
Gdl,Prados Providencia,Ven,Ofc,45000.0,Sep25
Gdl,Progreso,Ven,Local comercial,7884.615384615385,Sep25
Gdl,Providencia,Ven,Cas,32463.768115942028,Sep25
Gdl,Providencia,Ven,Dep,71929.82456140351,Sep25
Gdl,Providencia,Ven,Local comercial,36836.75213675214,Sep25
Gdl,Providencia,Ven,Ofc,62709.229629629626,Sep25
Gdl,Providencia,Ven,Terreno / Lote,35000.0,Sep25
Gdl,Providencia 2a Sección,Ven,Cas,25878.00369685767,Sep25
Gdl,Providencia 2a Sección,Ven,Dep,69053.57142857142,Sep25
Gdl,Providencia 2a Sección,Ven,Ofc,58813.77791758415,Sep25
Gdl,Providencia 3a Sección,Ven,Cas,34675.32467532468,Sep25
Gdl,Providencia 3a Sección,Ven,Dep,55138.3870967742,Sep25
Gdl,Providencia 4a Sección,Ven,Cas,29726.36815920398,Sep25
Gdl,Providencia 4a Sección,Ven,Dep,56756.75675675676,Sep25
Gdl,Providencia 4a Sección,Ven,Terreno / Lote,55000.0,Sep25
Gdl,Quinta Velarde,Ven,Cas,31578.947368421053,Sep25
Gdl,Quinta Velarde,Ven,Dep,45764.44086021505,Sep25
Gdl,Rancho Nuevo,Ven,Cas,23792.30769230769,Sep25
Gdl,Rancho Nuevo,Ven,Dep,34126.98412698413,Sep25
Gdl,Real,Ven,Cas,16353.887399463809,Sep25
Gdl,Real,Ven,Dep,36057.69230769231,Sep25
Gdl,Reforma,Ven,Cas,21304.34782608696,Sep25
Gdl,Reforma,Ven,Dep,26321.83908045977,Sep25
Gdl,Revolución,Ven,Cas,17023.809523809523,Sep25
Gdl,Rincón de La Agua Azul,Ven,Dep,29817.52577319588,Sep25
Gdl,Rio Verde,Ven,Cas,26756.75675675676,Sep25
Gdl,San Andrés,Ven,Cas,15736.040609137057,Sep25
Gdl,San Andrés,Ven,Dep,27011.494252873563,Sep25
Gdl,San Andrés,Ven,Local comercial,29735.953701470942,Sep25
Gdl,San Antonio,Ven,Cas,19848.002827854365,Sep25
Gdl,San Antonio,Ven,Dep,39130.434782608696,Sep25
Gdl,San Bernardo,Ven,Cas,35641.29919393077,Sep25
Gdl,San Carlos,Ven,Cas,26331.62439287642,Sep25
Gdl,San Juan Bosco,Ven,Dep,20259.906759906757,Sep25
Gdl,San Juan Bosco,Ven,Terreno / Lote,24941.176470588234,Sep25
Gdl,San Juan de Dios,Ven,Cas,22707.76874435411,Sep25
Gdl,San Juan de Dios,Ven,Dep,35938.04347826087,Sep25
Gdl,San Juan de Dios,Ven,Local comercial,17307.69230769231,Sep25
Gdl,San Juan de Dios,Ven,Ofc,24180.790960451977,Sep25
Gdl,San Juan de Dios II,Ven,Cas,13906.47393130714,Sep25
Gdl,San Juan de Dios II,Ven,Dep,36985.6724137931,Sep25
Gdl,San Juan de Dios II,Ven,Local comercial,26201.76751512097,Sep25
Gdl,San Marcos,Ven,Cas,12511.737089201877,Sep25
Gdl,San Martin,Ven,Cas,18229.166666666668,Sep25
Gdl,San Miguel de Huentitán,Ven,Cas,18098.765432098764,Sep25
Gdl,San Miguel de Mezquitán,Ven,Cas,18750.0,Sep25
Gdl,San Miguel de Mezquitán,Ven,Dep,55844.72580645161,Sep25
Gdl,San Miguel de Mezquitán,Ven,Local comercial,16701.570680628272,Sep25
Gdl,San Miguel de Mezquitán,Ven,Terreno / Lote,21736.263736263736,Sep25
Gdl,San Rafael,Ven,Cas,23286.71328671329,Sep25
Gdl,San Rafael,Ven,Dep,26944.444444444445,Sep25
Gdl,San Rafael Residencial,Ven,Dep,23454.545454545456,Sep25
Gdl,Santa Cecilia,Ven,Cas,13020.833333333334,Sep25
Gdl,Santa Eduwiges,Ven,Cas,16738.197424892704,Sep25
Gdl,Santa Eduwiges,Ven,Dep,40055.55555555556,Sep25
Gdl,Santa Elena Alcalde,Ven,Cas,25634.328358208957,Sep25
Gdl,Santa Elena Estadio,Ven,Cas,20786.516853932582,Sep25
Gdl,Santa Elena de La Cruz,Ven,Cas,16696.444933113435,Sep25
Gdl,Santa María,Ven,Cas,10178.57142857143,Sep25
Gdl,Santa Mónica,Ven,Cas,19375.0,Sep25
Gdl,Santa Mónica,Ven,Local comercial,41799.36305732484,Sep25
Gdl,Santa Rita,Ven,Cas,29838.445966988475,Sep25
Gdl,Santa Rita,Ven,Dep,43970.58823529411,Sep25
Gdl,Santa Rosa,Ven,Cas,4473.994791666667,Sep25
Gdl,Santos Degollado,Ven,Dep,25000.0,Sep25
Gdl,Sutaj,Ven,Cas,16276.346604215456,Sep25
Gdl,Sutaj,Ven,Dep,36986.30136986302,Sep25
Gdl,Sutaj,Ven,Terreno / Lote,22500.0,Sep25
Gdl,Terranova,Ven,Cas,30203.045685279187,Sep25
Gdl,Terranova,Ven,Dep,45402.11397058824,Sep25
Gdl,Tetlán,Ven,Dep,24000.0,Sep25
Gdl,Tetlán II,Ven,Cas,19285.714285714286,Sep25
Gdl,Universitaria,Ven,Cas,17241.379310344826,Sep25
Gdl,Vallarta,Ven,Cas,23981.48148148148,Sep25
Gdl,Vallarta,Ven,Dep,62990.05681818182,Sep25
Gdl,Vallarta,Ven,Ofc,50091.74311926605,Sep25
Gdl,Vallarta Norte,Ven,Cas,38000.0,Sep25
Gdl,Vallarta Norte,Ven,Dep,57796.27352335166,Sep25
Gdl,Vallarta Norte,Ven,Local comercial,26789.960369881108,Sep25
Gdl,Vallarta Norte,Ven,Terreno / Lote,22197.30941704036,Sep25
Gdl,Vallarta Poniente,Ven,Cas,33296.2962962963,Sep25
Gdl,Vallarta Poniente,Ven,Dep,58028.84615384616,Sep25
Gdl,Vallarta Poniente,Ven,Terreno / Lote,25384.615384615383,Sep25
Gdl,Vallarta San Jorge,Ven,Dep,62236.11111111111,Sep25
Gdl,Verde Valle,Ven,Cas,34489.06356801093,Sep25
Gdl,Victoria,Ven,Cas,30296.31147540984,Sep25
Gdl,Victoria,Ven,Dep,40168.06722689076,Sep25
Gdl,Victoria,Ven,Local comercial,37601.62601626016,Sep25
Gdl,Victoria,Ven,Ofc,38461.53846153846,Sep25
Gdl,Villa Guerrero,Ven,Cas,31297.70992366412,Sep25
Gdl,Villa Guerrero,Ven,Dep,16457.6802507837,Sep25
Gdl,Villas de San Juan,Ven,Cas,27686.237373737375,Sep25
Gdl,Villas de San Juan,Ven,Dep,27500.0,Sep25
Gdl,Villaseñor (Santa Teresita),Ven,Cas,23767.319636884855,Sep25
Gdl,Villaseñor (Santa Teresita),Ven,Dep,60973.32193732193,Sep25
Gdl,Villaseñor (Santa Teresita),Ven,Local comercial,22401.433691756272,Sep25
Gdl,Villaseñor (Santa Teresita),Ven,Terreno / Lote,35043.85964912281,Sep25
Gdl,Zona Centro,Ven,Cas,21268.115942028984,Sep25
Gdl,Zona Centro,Ven,Dep,48724.97435897436,Sep25
Gdl,Zona Centro,Ven,Local comercial,28655.737704918032,Sep25
Gdl,Zona Centro,Ven,Terreno / Lote,24750.0,Sep25
Gdl,Zona Industrial,Ven,Ofc,19270.38626609442,Sep25
Zap,27 de Septiembre,Ven,Dep,39601.6548463357,Sep25
Zap,Acacias,Ven,Dep,50618.56435643564,Sep25
Zap,Agraria,Ven,Dep,27986.348122866893,Sep25
Zap,Agrícola,Ven,Cas,83643.12267657992,Sep25
Zap,Agrícola,Ven,Dep,37203.38983050847,Sep25
Zap,Agua Blanca Sur,Ven,Cas,14598.540145985402,Sep25
Zap,Alamitos,Ven,Cas,19488.372093023256,Sep25
Zap,Albaterra,Ven,Cas,21218.896713615024,Sep25
Zap,Alcázar Oriente,Ven,Cas,72580.64516129032,Sep25
Zap,Alcázar Poniente,Ven,Cas,62994.276,Sep25
Zap,Alianza de Cazadores Diana,Ven,Cas,35890.669439655176,Sep25
Zap,Alicante,Ven,Cas,25268.817204301075,Sep25
Zap,Alma Terra,Ven,Dep,19375.0,Sep25
Zap,Altabrisa,Ven,Dep,11148.648648648648,Sep25
Zap,Altagracia,Ven,Dep,22075.471698113208,Sep25
Zap,Altaluz,Ven,Cas,22113.095238095237,Sep25
Zap,Altamira,Ven,Cas,39364.22366668654,Sep25
Zap,Altamira,Ven,Dep,57137.53626597664,Sep25
Zap,Altezza,Ven,Cas,26362.637362637364,Sep25
Zap,Altus Quintas,Ven,Cas,20108.695652173912,Sep25
Zap,Alviento,Ven,Dep,26595.744680851065,Sep25
Zap,Amaranto,Ven,Cas,21018.984889577685,Sep25
Zap,Ampliación Santa Lucia,Ven,Cas,11200.0,Sep25
Zap,Arauca I,Ven,Cas,47480.813814814814,Sep25
Zap,Arauca II,Ven,Cas,51036.87541666666,Sep25
Zap,Arboledas de Tesistán,Ven,Dep,24299.065420560742,Sep25
Zap,Arboledas de Tesistán,Ven,Local comercial,34761.90476190476,Sep25
Zap,Arboreto Residencial,Ven,Cas,20384.615384615383,Sep25
Zap,Arcos de Guadalupe,Ven,Cas,32093.827160493827,Sep25
Zap,Arcos de Guadalupe,Ven,Dep,54854.36893203884,Sep25
Zap,Arcos de Zapopan,Ven,Cas,30000.0,Sep25
Zap,Arcos de Zapopan,Ven,Dep,21323.529411764703,Sep25
Zap,Arenales Tapatíos,Ven,Cas,26079.50244739365,Sep25
Zap,Arenales Tapatíos,Ven,Dep,41002.824858757056,Sep25
Zap,Argenta Parque Residencial,Ven,Cas,30764.957264957266,Sep25
Zap,Argenta Parque Residencial,Ven,Terreno / Lote,26742.424242424244,Sep25
Zap,Arrayanes Hábitat,Ven,Cas,26020.408163265307,Sep25
Zap,Arroyo Hondo,Ven,Cas,13915.09433962264,Sep25
Zap,Atemajac del Valle,Ven,Cas,27584.54106280193,Sep25
Zap,Atemajac del Valle,Ven,Dep,23981.48148148148,Sep25
Zap,Atemajac del Valle,Ven,Terreno / Lote,17619.04761904762,Sep25
Zap,Atlas Chapalita,Ven,Dep,59793.81443298969,Sep25
Zap,Atlas Colomos,Ven,Cas,51488.54961832061,Sep25
Zap,Atlas Colomos,Ven,Dep,53464.1,Sep25
Zap,Auditorio,Ven,Cas,21505.37634408602,Sep25
Zap,Auditorio,Ven,Dep,31760.04947433519,Sep25
Zap,Autódromo,Ven,Cas,31160.36841392388,Sep25
Zap,Ayamonte,Ven,Cas,57572.35454545455,Sep25
Zap,Azaleas,Ven,Cas,39066.04747162023,Sep25
Zap,Base Aérea Militar No 5,Ven,Cas,42142.857142857145,Sep25
Zap,Base Aérea Militar No 5,Ven,Dep,57644.28741991846,Sep25
Zap,Base Aérea Militar No 5,Ven,Terreno / Lote,15416.958654519973,Sep25
Zap,Bellissimo,Ven,Cas,21153.846153846152,Sep25
Zap,Benito Juárez,Ven,Cas,19652.77511042827,Sep25
Zap,Boreales,Ven,Cas,27953.528399311534,Sep25
Zap,Boreales,Ven,Dep,38428.57142857143,Sep25
Zap,Bosque de Las Lomas,Ven,Cas,83976.406,Sep25
Zap,Bosque de Las Lomas,Ven,Dep,54864.52380952381,Sep25
Zap,Bosque de Los Lagos,Ven,Cas,65019.38350091494,Sep25
Zap,Bosque de Los Virreyes,Ven,Cas,78889.04375,Sep25
Zap,Bosque de Los Virreyes,Ven,Dep,48762.88869042786,Sep25
Zap,Bosque de Valdepeñas,Ven,Cas,38416.66666666666,Sep25
Zap,Bosques,Ven,Cas,32197.488584474886,Sep25
Zap,Bosques Vallarta,Ven,Cas,34328.35820895522,Sep25
Zap,Bosques Vallarta,Ven,Terreno / Lote,41700.0,Sep25
Zap,Bosques de San Gonzalo,Ven,Cas,22834.645669291334,Sep25
Zap,Bosques de San Isidro (Las Cañadas),Ven,Cas,33122.02852614897,Sep25
Zap,Bosques de San Isidro (Las Cañadas),Ven,Dep,31652.17391304348,Sep25
Zap,Bosques de San Isidro (Las Cañadas),Ven,Terreno / Lote,36666.66666666666,Sep25
Zap,Bosques del Centinela,Ven,Cas,35087.990120407536,Sep25
Zap,Bosques del Encino,Ven,Cas,18425.925925925927,Sep25
Zap,Bugambilias Country,Ven,Cas,35987.261146496814,Sep25
Zap,Cajetes 100,Ven,Cas,13928.57142857143,Sep25
Zap,Callejón del Parque,Ven,Cas,30337.078651685395,Sep25
Zap,Camichines Vallarta,Ven,Cas,39271.27,Sep25
Zap,Camichines Vallarta,Ven,Dep,69822.02150537634,Sep25
Zap,Camino Real,Ven,Cas,28070.815773630344,Sep25
Zap,Camino Real,Ven,Dep,48359.375,Sep25
Zap,Campo Real,Ven,Cas,22092.238470191223,Sep25
Zap,Canteras del Centinela,Ven,Cas,38062.80428432327,Sep25
Zap,Canteros,Ven,Cas,26890.756302521007,Sep25
Zap,Carrara,Ven,Cas,27450.980392156864,Sep25
Zap,Carrara,Ven,Dep,21634.615384615383,Sep25
Zap,Castaños,Ven,Cas,27538.46153846154,Sep25
Zap,Cañadas,Ven,Cas,30764.957264957266,Sep25
Zap,Cañadas de San Lorenzo,Ven,Cas,33809.52380952381,Sep25
Zap,Cañadas de San Lorenzo,Ven,Dep,35372.872872872875,Sep25
Zap,Centinela Garden Life,Ven,Dep,28316.326530612245,Sep25
Zap,Centro,Ven,Cas,25804.19580419581,Sep25
Zap,Centro,Ven,Dep,79620.036971831,Sep25
Zap,Chapalita Inn,Ven,Cas,34090.90909090909,Sep25
Zap,Chapalita Inn,Ven,Dep,72484.48701298701,Sep25
Zap,Chapalita Las Fuentes,Ven,Cas,36666.66666666667,Sep25
Zap,Chapalita Oriente,Ven,Cas,34397.16312056738,Sep25
Zap,Chapalita Oriente,Ven,Local comercial,44444.444444444445,Sep25
Zap,Chapalita Sur,Ven,Cas,34864.86486486487,Sep25
Zap,Chapalita Sur,Ven,Dep,52469.135802469136,Sep25
Zap,Chapalita de Occidente,Ven,Cas,35650.224215246635,Sep25
Zap,Chapalita de Occidente,Ven,Dep,55141.38888888889,Sep25
Zap,Cima Real,Ven,Cas,47075.20891364903,Sep25
Zap,Cima Real,Ven,Dep,51939.16068388721,Sep25
Zap,Ciudad Bugambilias,Ven,Cas,27738.09523809524,Sep25
Zap,Ciudad Bugambilias,Ven,Dep,41911.76470588235,Sep25
Zap,Ciudad Granja,Ven,Cas,40941.700044503785,Sep25
Zap,Ciudad Granja,Ven,Dep,53274.52120168987,Sep25
Zap,Ciudad Granja,Ven,Local comercial,50563.380281690144,Sep25
Zap,Ciudad Granja,Ven,Terreno / Lote,41714.28571428572,Sep25
Zap,Ciudad de Los Niños,Ven,Cas,38486.960431654676,Sep25
Zap,Ciudad de Los Niños,Ven,Dep,42919.19191919192,Sep25
Zap,Ciudad del Sol,Ven,Cas,32023.207935616694,Sep25
Zap,Ciudad del Sol,Ven,Dep,46414.47368421053,Sep25
Zap,Colina de Los Belenes,Ven,Cas,25168.067226890755,Sep25
Zap,Colinas El Centinela,Ven,Cas,27956.927461616255,Sep25
Zap,Colinas Virreyes,Ven,Cas,59137.05583756345,Sep25
Zap,Colinas Virreyes,Ven,Dep,45289.85507246377,Sep25
Zap,Colinas de Atemajac,Ven,Cas,49019.60784313725,Sep25
Zap,Colinas de La Abadía,Ven,Cas,56444.045,Sep25
Zap,Colinas de La Abadía,Ven,Dep,56818.181818181816,Sep25
Zap,Colinas de La Abadía,Ven,Terreno / Lote,59750.0,Sep25
Zap,Colinas de Las Águilas,Ven,Cas,15131.57894736842,Sep25
Zap,Colinas de Las Águilas,Ven,Dep,28030.303030303032,Sep25
Zap,Colinas de Los Robles,Ven,Cas,21025.641025641024,Sep25
Zap,Colinas de San Javier,Ven,Cas,64130.434782608696,Sep25
Zap,Colinas de San Javier,Ven,Dep,54705.882352941175,Sep25
Zap,Colinas de San Miguel,Ven,Cas,35299.587096774194,Sep25
Zap,Colinas de Tesistán,Ven,Cas,38522.01257861636,Sep25
Zap,Colinas del Rey,Ven,Cas,20813.95348837209,Sep25
Zap,Colinas del Rey,Ven,Dep,42727.27272727273,Sep25
Zap,Colinas del Rio,Ven,Cas,28096.59090909091,Sep25
Zap,Colinas del Rio,Ven,Dep,43196.85990338164,Sep25
Zap,Colli Ctm,Ven,Cas,27741.93548387097,Sep25
Zap,Colli Ctm,Ven,Dep,44363.63636363636,Sep25
Zap,Colli Sitio,Ven,Dep,45894.73684210526,Sep25
Zap,Conjunto Patria,Ven,Cas,35539.21568627451,Sep25
Zap,Conjunto Patria,Ven,Dep,50978.93170488535,Sep25
Zap,Constitución,Ven,Cas,21631.280962491153,Sep25
Zap,Constitución,Ven,Dep,44461.17815179422,Sep25
Zap,Constituyentes,Ven,Cas,33838.38383838384,Sep25
Zap,Copala,Ven,Dep,14468.08510638298,Sep25
Zap,Cordilleras,Ven,Cas,34430.19188766756,Sep25
Zap,Cordilleras,Ven,Dep,37739.92161254199,Sep25
Zap,Coto Abie,Ven,Cas,31147.03928443006,Sep25
Zap,Coto Altaterra,Ven,Cas,24971.428571428572,Sep25
Zap,Coto Alva 1,Ven,Cas,28125.0,Sep25
Zap,Coto Alva 2,Ven,Cas,34437.5,Sep25
Zap,Coto Alva 3,Ven,Cas,27500.0,Sep25
Zap,Coto Casa Blanca,Ven,Cas,22450.980392156864,Sep25
Zap,Coto Cañadas,Ven,Cas,37435.89743589744,Sep25
Zap,Coto Creta,Ven,Cas,25308.64197530864,Sep25
Zap,Coto Creta,Ven,Terreno / Lote,25275.86206896552,Sep25
Zap,Coto F2 Norte Sienna,Ven,Cas,23641.304347826088,Sep25
Zap,Coto F2 Sur Sivec,Ven,Cas,28036.668874172185,Sep25
Zap,Coto Galarza,Ven,Cas,23518.18181818182,Sep25
Zap,Coto Vitana,Ven,Cas,29373.262032085564,Sep25
Zap,Coto Zoi,Ven,Cas,28319.867549668877,Sep25
Zap,Coto Zoi,Ven,Dep,42489.40140845071,Sep25
Zap,Crucero de La Mesa,Ven,Cas,49447.797134193475,Sep25
Zap,De La Azalea,Ven,Cas,34736.84210526316,Sep25
Zap,De La Azalea,Ven,Dep,54922.784810126584,Sep25
Zap,De Los Novelistas,Ven,Dep,58373.8400353513,Sep25
Zap,Del Bosque,Ven,Cas,27771.915584415583,Sep25
Zap,Del Iris,Ven,Cas,27659.574468085106,Sep25
Zap,Del Parque,Ven,Cas,40322.58064516129,Sep25
Zap,Del Parque,Ven,Dep,50000.0,Sep25
Zap,Del Sol,Ven,Cas,24525.316455696204,Sep25
Zap,Del Sol,Ven,Dep,30943.396226415094,Sep25
Zap,Del Valle,Ven,Dep,54981.091189207196,Sep25
Zap,Del Valle,Ven,Terreno / Lote,47777.77777777778,Sep25
Zap,Desconocida,Ven,Cas,37004.405286343615,Sep25
Zap,Desconocida,Ven,Dep,41566.58468080009,Sep25
Zap,Desconocida,Ven,Ofc,55533.333333333336,Sep25
Zap,Don Bosco Vallarta,Ven,Dep,52269.230769230766,Sep25
Zap,Ecológica El Seattle,Ven,Cas,43264.8401826484,Sep25
Zap,El Bajo Hábitat 1,Ven,Cas,38939.393939393936,Sep25
Zap,El Bajo Hábitat 2,Ven,Cas,37424.24242424242,Sep25
Zap,El Bajío,Ven,Cas,55000.0,Sep25
Zap,El Bajío,Ven,Dep,39747.79245891073,Sep25
Zap,El Batan,Ven,Cas,33111.11111111111,Sep25
Zap,El Bosque,Ven,Cas,27006.369426751593,Sep25
Zap,El Bosque,Ven,Dep,32812.5,Sep25
Zap,El Briseño,Ven,Cas,17701.86335403727,Sep25
Zap,El Calabozo,Ven,Cas,17023.809523809523,Sep25
Zap,El Campanario,Ven,Dep,38129.83558994197,Sep25
Zap,El Campestre,Ven,Cas,26216.216216216217,Sep25
Zap,El Capullo,Ven,Cas,53745.92833876221,Sep25
Zap,El Centinela,Ven,Cas,30450.340798442063,Sep25
Zap,El Centinela,Ven,Dep,30760.869565217392,Sep25
Zap,El Colli Urbano,Ven,Cas,36888.88888888889,Sep25
Zap,El Colli Urbano,Ven,Dep,35613.64012821623,Sep25
Zap,El Fortín,Ven,Cas,22222.222222222223,Sep25
Zap,El Fortín,Ven,Dep,32203.389830508477,Sep25
Zap,El Paraíso,Ven,Cas,28559.822295247726,Sep25
Zap,El Prado,Ven,Cas,89000.14692886457,Sep25
Zap,El Tigre,Ven,Cas,32171.855923497264,Sep25
Zap,El Tizate,Ven,Cas,25869.88304093567,Sep25
Zap,El Vigía,Ven,Cas,17407.40740740741,Sep25
Zap,El Vigía,Ven,Dep,57547.89408866996,Sep25
Zap,El Vigía,Ven,Local comercial,50000.0,Sep25
Zap,El Zapote,Ven,Cas,34523.80952380953,Sep25
Zap,El Zapote,Ven,Dep,58446.15384615384,Sep25
Zap,Elite,Ven,Dep,54550.0,Sep25
Zap,Entrelomas,Ven,Cas,57358.49056603773,Sep25
Zap,Esencia,Ven,Cas,36123.85321100918,Sep25
Zap,Esencia,Ven,Dep,74317.64705882352,Sep25
Zap,Eucalipto Vallarta,Ven,Cas,21689.75069252077,Sep25
Zap,Eucalipto Vallarta,Ven,Dep,29271.42857142857,Sep25
Zap,Fontee,Ven,Cas,36919.7207678883,Sep25
Zap,Foret,Ven,Cas,23821.428571428572,Sep25
Zap,Fovissste (Estatuto Jurídico),Ven,Cas,17192.30769230769,Sep25
Zap,Fovissste (Estatuto Jurídico),Ven,Dep,18519.009725906275,Sep25
Zap,Francisco Sarabia,Ven,Cas,29646.743362831858,Sep25
Zap,Francisco Sarabia,Ven,Dep,41034.48275862069,Sep25
Zap,Girasoles Acueducto,Ven,Dep,36075.94936708861,Sep25
Zap,Girasoles Elite,Ven,Cas,29818.897637795275,Sep25
Zap,Guadalajara (Technology Park),Ven,Cas,34552.845528455284,Sep25
Zap,Guadalajarita,Ven,Cas,26618.30357142857,Sep25
Zap,Guadalajarita,Ven,Dep,46192.509818543374,Sep25
Zap,Guadalupe,Ven,Dep,38636.36363636364,Sep25
Zap,Guadalupe Inn,Ven,Cas,45101.265822784815,Sep25
Zap,Guadalupe Jardín,Ven,Cas,29924.242424242424,Sep25
Zap,Guadalupe Jardín,Ven,Dep,46359.34321418193,Sep25
Zap,Guadalupe Sur,Ven,Cas,26075.22796352584,Sep25
Zap,Guadalupe Sur,Ven,Dep,40408.16326530613,Sep25
Zap,Gustavo Diaz Ordaz,Ven,Cas,30129.310344827587,Sep25
Zap,Gustavo Diaz Ordaz,Ven,Dep,30000.0,Sep25
Zap,Hacienda Copala,Ven,Dep,14202.127659574468,Sep25
Zap,Hacienda de Las Lomas,Ven,Dep,61501.19466666666,Sep25
Zap,Hacienda del Sol,Ven,Cas,33291.666666666664,Sep25
Zap,Hacienda del Sol,Ven,Local comercial,25875.45405363629,Sep25
Zap,Hacienda del Sol,Ven,Terreno / Lote,53536.58536585366,Sep25
Zap,Hacienda del Tepeyac,Ven,Cas,36000.0,Sep25
Zap,Hacienda del Tepeyac,Ven,Dep,43121.8045112782,Sep25
Zap,Hacienda del Valle,Ven,Cas,31072.82502443793,Sep25
Zap,Hacienda del Valle,Ven,Dep,21666.666666666668,Sep25
Zap,Haciendas La Herradura,Ven,Cas,9754.534220532321,Sep25
Zap,Haciendas de Nuevo México,Ven,Cas,24495.0,Sep25
Zap,Hogares de Nuevo México,Ven,Cas,20833.33333333333,Sep25
Zap,Hogares del Batan,Ven,Cas,23576.219512195123,Sep25
Zap,Industrial Zapopan Norte,Ven,Cas,24310.233918128655,Sep25
Zap,Indígena de Mezquitán,Ven,Cas,12033.291457286432,Sep25
Zap,Infonavit El Garabato,Ven,Dep,32051.28205128205,Sep25
Zap,Ixcatán,Ven,Terreno / Lote,41428.57142857143,Sep25
Zap,Jacarandas,Ven,Cas,45041.32231404959,Sep25
Zap,Jacarandas,Ven,Dep,36290.32258064516,Sep25
Zap,Jacarandas,Ven,Ofc,57789.16568047337,Sep25
Zap,Jardines Seattle,Ven,Dep,25316.443037974685,Sep25
Zap,Jardines Tepeyac,Ven,Cas,36406.25,Sep25
Zap,Jardines Tepeyac,Ven,Dep,44625.0,Sep25
Zap,Jardines Universidad,Ven,Cas,32416.25615763547,Sep25
Zap,Jardines Universidad,Ven,Dep,57295.08196721312,Sep25
Zap,Jardines Vallarta,Ven,Cas,31045.918367346934,Sep25
Zap,Jardines Vallarta,Ven,Dep,48206.89655172414,Sep25
Zap,Jardines Vallarta,Ven,Ofc,28273.809523809523,Sep25
Zap,Jardines de Chapalita,Ven,Cas,29406.682027649767,Sep25
Zap,Jardines de Guadalupe,Ven,Cas,33929.33816997335,Sep25
Zap,Jardines de Guadalupe,Ven,Dep,48339.58082430082,Sep25
Zap,Jardines de Guadalupe,Ven,Local comercial,48166.007905138336,Sep25
Zap,Jardines de La Esperanza,Ven,Cas,28767.12328767123,Sep25
Zap,Jardines de La Patria,Ven,Cas,36406.25,Sep25
Zap,Jardines de La Patria,Ven,Dep,62752.37187288709,Sep25
Zap,Jardines de La Patria,Ven,Local comercial,11111.111111111111,Sep25
Zap,Jardines de Las Fuentes,Ven,Cas,20796.46017699115,Sep25
Zap,Jardines de Los Belenes,Ven,Cas,45833.333333333336,Sep25
Zap,Jardines de Nuevo México,Ven,Cas,21516.556291390727,Sep25
Zap,Jardines de San Gonzalo,Ven,Cas,15571.42857142857,Sep25
Zap,Jardines de San Ignacio,Ven,Cas,31325.30120481928,Sep25
Zap,Jardines de San Ignacio,Ven,Dep,51098.9010989011,Sep25
Zap,Jardines de Santa Ana,Ven,Cas,18872.177819548873,Sep25
Zap,Jardines del Auditorio,Ven,Cas,44195.2750092285,Sep25
Zap,Jardines del Porvenir,Ven,Dep,29032.25806451613,Sep25
Zap,Jardines del Sol,Ven,Cas,30088.49557522124,Sep25
Zap,Jardines del Sol,Ven,Dep,40088.8265544647,Sep25
Zap,Jardines del Valle,Ven,Cas,28223.186855322394,Sep25
Zap,Jardines del Valle,Ven,Terreno / Lote,22250.0,Sep25
Zap,Jardines del Vergel,Ven,Cas,28240.63231850117,Sep25
Zap,Jardines del Vigía,Ven,Dep,47771.087680355166,Sep25
Zap,Jardín Real,Ven,Cas,37222.22222222222,Sep25
Zap,Jardín Real,Ven,Dep,56827.80303030303,Sep25
Zap,Jardín Real,Ven,Terreno / Lote,48038.46153846154,Sep25
Zap,Jocotán,Ven,Cas,53788.07261904762,Sep25
Zap,Jocotán,Ven,Dep,55168.26229508197,Sep25
Zap,Juan Manuel Vallarta,Ven,Cas,33636.36363636364,Sep25
Zap,Juan Manuel Vallarta,Ven,Dep,54275.362318840576,Sep25
Zap,La Calma,Ven,Cas,30062.896751306944,Sep25
Zap,La Calma,Ven,Dep,42668.13008130081,Sep25
Zap,La Calma,Ven,Local comercial,33611.42533936651,Sep25
Zap,La Casita,Ven,Cas,27653.846153846156,Sep25
Zap,La Ceiba,Ven,Cas,72295.9153249851,Sep25
Zap,La Ceiba,Ven,Dep,73738.44537815126,Sep25
Zap,La Cima,Ven,Cas,38038.27751196172,Sep25
Zap,La Cima,Ven,Local comercial,39722.22222222222,Sep25
Zap,La Escondida,Ven,Cas,28376.74418604651,Sep25
Zap,La Estancia,Ven,Cas,30501.930501930503,Sep25
Zap,La Estancia,Ven,Dep,46255.269580679844,Sep25
Zap,La Giralda,Ven,Cas,28785.714285714283,Sep25
Zap,La Giralda,Ven,Dep,56542.188679245286,Sep25
Zap,La Gloria del Colli,Ven,Cas,19517.54385964912,Sep25
Zap,La Gloria del Colli,Ven,Dep,30567.30769230769,Sep25
Zap,La Granja,Ven,Cas,23398.4375,Sep25
Zap,La Haciendita,Ven,Cas,24916.666666666668,Sep25
Zap,La Higuera,Ven,Cas,13529.411764705885,Sep25
Zap,La Joya,Ven,Cas,35102.04081632653,Sep25
Zap,La Loma,Ven,Cas,26784.80128893663,Sep25
Zap,La Loma,Ven,Dep,40763.48278102664,Sep25
Zap,La Loma Alta,Ven,Cas,15576.036866359447,Sep25
Zap,La Mesa Colorada Poniente,Ven,Cas,6770.833333333333,Sep25
Zap,La Mesa de La Coronilla,Ven,Cas,68994.3828409091,Sep25
Zap,La Mesa de La Coronilla,Ven,Dep,89470.69444444444,Sep25
Zap,La Mojonera,Ven,Cas,28787.878787878788,Sep25
Zap,La Mora,Ven,Cas,15869.565217391304,Sep25
Zap,La Moraleja,Ven,Cas,27960.0,Sep25
Zap,La Palmita,Ven,Cas,27785.714285714286,Sep25
Zap,La Palmita,Ven,Dep,38993.055555555555,Sep25
Zap,La Patria Universidad,Ven,Cas,39563.33333333333,Sep25
Zap,La Patria Universidad,Ven,Dep,55769.230769230766,Sep25
Zap,La Periquera,Ven,Cas,26907.630522088355,Sep25
Zap,La Primavera,Ven,Cas,13766.666666666668,Sep25
Zap,La Sauceda,Ven,Cas,29768.51851851852,Sep25
Zap,La Stravaganza,Ven,Cas,35809.52380952381,Sep25
Zap,La Toscana,Ven,Cas,48118.16192560175,Sep25
Zap,La Toscana,Ven,Dep,54076.43312101911,Sep25
Zap,La Tuzanía,Ven,Cas,23750.0,Sep25
Zap,La Tuzanía,Ven,Dep,23333.33333333333,Sep25
Zap,La Venta del Astillero,Ven,Cas,25050.77711056164,Sep25
Zap,Lagos del Country,Ven,Cas,34439.65517241379,Sep25
Zap,Lagos del Country,Ven,Dep,37222.22222222222,Sep25
Zap,Las Alamedas,Ven,Cas,33703.36669699727,Sep25
Zap,Las Arboledas,Ven,Cas,27128.576184228565,Sep25
Zap,Las Arboledas,Ven,Dep,32777.77777777778,Sep25
Zap,Las Arboledas,Ven,Local comercial,70127.75314116778,Sep25
Zap,Las Arboledas,Ven,Ofc,70342.1052631579,Sep25
Zap,Las Arboledas,Ven,Terreno / Lote,24788.13559322034,Sep25
Zap,Las Cumbres,Ven,Cas,35797.6653696498,Sep25
Zap,Las Cumbres,Ven,Dep,44545.454545454544,Sep25
Zap,Las Flores,Ven,Cas,39393.93939393939,Sep25
Zap,Las Flores,Ven,Dep,39436.619718309856,Sep25
Zap,Las Fuentes,Ven,Cas,34362.934362934364,Sep25
Zap,Las Lomas Golf Hábitat,Ven,Cas,64273.46153846154,Sep25
Zap,Las Lomas Golf Hábitat,Ven,Dep,55620.87912087912,Sep25
Zap,Las Palmas,Ven,Cas,71163.85578947369,Sep25
Zap,Las Palomas,Ven,Cas,34991.666666666664,Sep25
Zap,Las Águilas,Ven,Cas,21359.223300970876,Sep25
Zap,Las Águilas,Ven,Dep,47983.8377469525,Sep25
Zap,Las Águilas,Ven,Local comercial,21428.571428571428,Sep25
Zap,Laureles,Ven,Dep,47468.35443037975,Sep25
Zap,Le Parc,Ven,Cas,26428.571428571428,Sep25
Zap,Lindavista,Ven,Terreno / Lote,46901.40845070423,Sep25
Zap,Loma Blanca,Ven,Dep,47706.42201834863,Sep25
Zap,Loma Bonita,Ven,Cas,33277.77777777778,Sep25
Zap,Loma Bonita,Ven,Dep,54841.718357487924,Sep25
Zap,Loma Bonita Ejidal,Ven,Cas,14820.101100208147,Sep25
Zap,Loma Bonita Ejidal,Ven,Dep,41990.23199023199,Sep25
Zap,Loma Bonita Sur,Ven,Cas,29591.55844155844,Sep25
Zap,Loma Chica,Ven,Cas,13194.444444444443,Sep25
Zap,Loma Real,Ven,Cas,47978.03617571059,Sep25
Zap,Loma del Bosque,Ven,Cas,31647.058823529413,Sep25
Zap,Lomas Altas,Ven,Cas,43587.57062146893,Sep25
Zap,Lomas Altas,Ven,Dep,50341.88034188034,Sep25
Zap,Lomas Universidad,Ven,Cas,39321.83908045977,Sep25
Zap,Lomas de Atemajac,Ven,Cas,31060.60606060606,Sep25
Zap,Lomas de Atemajac,Ven,Dep,29910.714285714286,Sep25
Zap,Lomas de Guadalupe,Ven,Cas,33883.49514563107,Sep25
Zap,Lomas de Guadalupe,Ven,Dep,52561.36363636364,Sep25
Zap,Lomas de La Primavera,Ven,Cas,15266.666666666666,Sep25
Zap,Lomas de San Gonzalo,Ven,Cas,13421.052631578948,Sep25
Zap,Lomas de Tabachines,Ven,Cas,17500.0,Sep25
Zap,Lomas de Zapopan,Ven,Cas,23972.602739726022,Sep25
Zap,Lomas de Zapopan,Ven,Dep,32759.740259740258,Sep25
Zap,Lomas del Batan,Ven,Cas,23125.0,Sep25
Zap,Lomas del Batan,Ven,Dep,50204.08163265306,Sep25
Zap,Lomas del Centinela,Ven,Cas,32915.00166500167,Sep25
Zap,Lomas del Fortín,Ven,Cas,24137.93103448276,Sep25
Zap,Lomas del Refugio,Ven,Cas,19793.735676088618,Sep25
Zap,Lomas del Seminario,Ven,Cas,30937.5,Sep25
Zap,Lomas del Seminario,Ven,Local comercial,54771.78423236514,Sep25
Zap,Lomas del Valle,Ven,Cas,52343.75,Sep25
Zap,Lomas del Valle,Ven,Dep,52605.736188210416,Sep25
Zap,Los Almendros,Ven,Cas,37500.0,Sep25
Zap,Los Castaños,Ven,Cas,50266.66666666667,Sep25
Zap,Los Frailes,Ven,Cas,71515.245375,Sep25
Zap,Los Maestros,Ven,Cas,34591.836734693876,Sep25
Zap,Los Maestros,Ven,Dep,26369.86301369863,Sep25
Zap,Los Molinos,Ven,Cas,19378.3356741573,Sep25
Zap,Los Pinos,Ven,Cas,30900.65052072199,Sep25
Zap,Los Pinos,Ven,Dep,40086.206896551725,Sep25
Zap,Los Robles,Ven,Cas,26378.293567061624,Sep25
Zap,Los Sauces,Ven,Cas,54323.38478260869,Sep25
Zap,Los Telares,Ven,Cas,22222.222222222223,Sep25
Zap,Los Tréboles,Ven,Cas,19445.8064516129,Sep25
Zap,Los Ángeles,Ven,Cas,24145.96273291925,Sep25
Zap,Lucero del Valle,Ven,Cas,33132.530120481926,Sep25
Zap,Luna Bosque Residencial,Ven,Cas,25067.476383265857,Sep25
Zap,Madeiras,Ven,Cas,25734.681984681985,Sep25
Zap,Maple Coto 1,Ven,Cas,31813.72549019608,Sep25
Zap,Mariano Otero,Ven,Cas,27484.375,Sep25
Zap,Mariano Otero,Ven,Local comercial,28387.09677419355,Sep25
Zap,Mesa Colorada Oriente,Ven,Cas,16071.905907511362,Sep25
Zap,Mesa de Los Ocotes,Ven,Cas,20418.36273179557,Sep25
Zap,Miguel Hidalgo,Ven,Cas,11145.510835913312,Sep25
Zap,Mirador San Isidro,Ven,Cas,34905.660377358494,Sep25
Zap,Mirador de San Isidro,Ven,Cas,28218.75,Sep25
Zap,Mirador de San Isidro,Ven,Terreno / Lote,28437.5,Sep25
Zap,Mirador del Bosque,Ven,Cas,18698.4126984127,Sep25
Zap,Mirador del Bosque,Ven,Dep,14911.911363636364,Sep25
Zap,Mirador del Sol,Ven,Cas,30263.157894736843,Sep25
Zap,Mirador del Sol,Ven,Dep,47499.739285714284,Sep25
Zap,Miramar,Ven,Cas,12858.972013901592,Sep25
Zap,Misión La Floresta,Ven,Cas,30892.857142857145,Sep25
Zap,Misión Santa Ana,Ven,Cas,8250.0,Sep25
Zap,Misión del Bosque,Ven,Cas,24089.13206469349,Sep25
Zap,Misión del Valle,Ven,Cas,35294.117647058825,Sep25
Zap,Moctezuma,Ven,Cas,34418.604651162794,Sep25
Zap,Moctezuma,Ven,Dep,33172.72727272727,Sep25
Zap,Monarca,Ven,Cas,38605.769230769234,Sep25
Zap,Montes,Ven,Cas,31764.70588235294,Sep25
Zap,Monteverde,Ven,Cas,17666.666666666668,Sep25
Zap,Muraan,Ven,Cas,37844.8275862069,Sep25
Zap,México,Ven,Cas,35564.85355648536,Sep25
Zap,México,Ven,Dep,36194.02985074627,Sep25
Zap,Mítica Residencial,Ven,Cas,44288.53441558442,Sep25
Zap,Mítica Residencial,Ven,Dep,52000.0,Sep25
Zap,Nextipac,Ven,Local comercial,3960.0,Sep25
Zap,Novaterra,Ven,Cas,39615.38461538462,Sep25
Zap,Nueva Primavera,Ven,Dep,29259.25925925926,Sep25
Zap,Nuevo México,Ven,Dep,39287.1835443038,Sep25
Zap,Nuevo México,Ven,Terreno / Lote,15673.724735322427,Sep25
Zap,Nuevo Vergel,Ven,Cas,15697.67441860465,Sep25
Zap,Olivos Residencial,Ven,Cas,39028.57142857143,Sep25
Zap,Oyamel III,Ven,Cas,23831.77570093458,Sep25
Zap,Palermo,Ven,Cas,20954.844961240313,Sep25
Zap,Palma Real,Ven,Cas,36155.60640732265,Sep25
Zap,Palma Real,Ven,Dep,47102.94117647059,Sep25
Zap,Paraíso Los Pinos,Ven,Cas,31645.569620253165,Sep25
Zap,Paraísos del Colli,Ven,Cas,20223.646125116713,Sep25
Zap,Parque Arrayanes,Ven,Cas,29098.360655737702,Sep25
Zap,Parque Real,Ven,Cas,42857.142857142855,Sep25
Zap,Parque Virreyes,Ven,Cas,50417.14,Sep25
Zap,Parque Virreyes,Ven,Dep,56533.252882810404,Sep25
Zap,Parque de La Castellana,Ven,Cas,39076.92307692308,Sep25
Zap,Parque de Las Aves,Ven,Cas,16951.219512195123,Sep25
Zap,Parque de Las Azaleas,Ven,Cas,25000.0,Sep25
Zap,Parques Tepeyac,Ven,Cas,38000.0,Sep25
Zap,Parques de Tesistán,Ven,Cas,19708.33333333333,Sep25
Zap,Parques de Tesistán,Ven,Dep,21308.41121495327,Sep25
Zap,Parques de Tesistán III,Ven,Cas,21226.293103448275,Sep25
Zap,Parques de Tesistán III,Ven,Local comercial,27592.59259259259,Sep25
Zap,Parques de Zapopan,Ven,Cas,39550.342130987294,Sep25
Zap,Parques del Centinela,Ven,Cas,30784.62157809984,Sep25
Zap,Parques del Centinela,Ven,Terreno / Lote,47107.142857142855,Sep25
Zap,Paseos Universidad,Ven,Cas,41667.50948166878,Sep25
Zap,Paseos del Camichín,Ven,Cas,31000.0,Sep25
Zap,Paseos del Parque,Ven,Cas,45500.0,Sep25
Zap,Paseos del Sol,Ven,Cas,32309.557985873776,Sep25
Zap,Paseos del Sol,Ven,Dep,35344.8275862069,Sep25
Zap,Paseos del Sol,Ven,Local comercial,24166.666666666668,Sep25
Zap,Pinar de La Calma,Ven,Cas,27928.217009759697,Sep25
Zap,Pinar de La Calma,Ven,Dep,41041.66666666666,Sep25
Zap,Pinar de La Calma,Ven,Local comercial,36909.09090909091,Sep25
Zap,Pinar de La Calma,Ven,Ofc,20084.98583569405,Sep25
Zap,Pinar de La Venta,Ven,Cas,25344.64285714286,Sep25
Zap,Pinar de La Venta,Ven,Terreno / Lote,8000.0,Sep25
Zap,Plaza Guadalupe,Ven,Cas,28148.14814814815,Sep25
Zap,Plaza Guadalupe,Ven,Dep,41333.333333333336,Sep25
Zap,Poniente,Ven,Cas,40064.67216993532,Sep25
Zap,Poniente,Ven,Dep,60416.66666666666,Sep25
Zap,Pontevedra,Ven,Cas,26003.276003276005,Sep25
Zap,Pontevedra,Ven,Terreno / Lote,35652.17391304348,Sep25
Zap,Porta Real,Ven,Cas,33506.1403508772,Sep25
Zap,Praderas de San Antonio,Ven,Cas,31411.764705882353,Sep25
Zap,Praderas de San Antonio,Ven,Local comercial,24074.074074074077,Sep25
Zap,Praderas de San Antonio,Ven,Terreno / Lote,24702.380952380958,Sep25
Zap,Praderas del Centinela,Ven,Cas,25000.0,Sep25
Zap,Prados Guadalupe,Ven,Dep,34203.26576576577,Sep25
Zap,Prados Tepeyac,Ven,Cas,34300.492610837435,Sep25
Zap,Prados Tepeyac,Ven,Dep,41465.90909090909,Sep25
Zap,Prados Vallarta,Ven,Cas,29957.599712540425,Sep25
Zap,Puerta Aqua,Ven,Cas,80567.28181818181,Sep25
Zap,Puerta Aqua,Ven,Dep,68652.62427727501,Sep25
Zap,Puerta Las Lomas,Ven,Cas,55780.29011111111,Sep25
Zap,Puerta Las Lomas,Ven,Dep,89590.56371706758,Sep25
Zap,Puerta Las Lomas,Ven,Terreno / Lote,74716.98113207547,Sep25
Zap,Puerta Real,Ven,Cas,36488.54961832061,Sep25
Zap,Puerta Real,Ven,Dep,55504.5871559633,Sep25
Zap,Puerta de Hierro,Ven,Cas,54473.967508318645,Sep25
Zap,Puerta de Hierro,Ven,Dep,80448.84554140127,Sep25
Zap,Puerta de Hierro,Ven,Local comercial,94612.63157894736,Sep25
Zap,Puerta de Hierro,Ven,Ofc,87510.74652777778,Sep25
Zap,Puerta de Hierro,Ven,Terreno / Lote,49382.71604938272,Sep25
Zap,Puerta de Plata,Ven,Cas,59493.356232486665,Sep25
Zap,Puerta de Plata,Ven,Dep,105085.22638162809,Sep25
Zap,Puerta del Bosque,Ven,Cas,58886.06737768749,Sep25
Zap,Puerta del Bosque,Ven,Dep,118322.03389830508,Sep25
Zap,Puerta del Llano,Ven,Cas,18075.471698113208,Sep25
Zap,Puerta del Tule,Ven,Cas,35802.46913580247,Sep25
Zap,Puerta del Tule,Ven,Dep,64658.10023310023,Sep25
Zap,Puerta del Tule,Ven,Terreno / Lote,17350.0,Sep25
Zap,Puerta del Valle,Ven,Cas,45223.133790119005,Sep25
Zap,Puerta del Valle,Ven,Dep,64181.00539811066,Sep25
Zap,Punta Valdepeñas I,Ven,Dep,40808.080808080806,Sep25
Zap,Quintas del Bosque,Ven,Cas,28000.0,Sep25
Zap,Quintas del Federalismo,Ven,Cas,15492.957746478873,Sep25
Zap,Quintas del Valle,Ven,Cas,28840.579710144928,Sep25
Zap,Rancho Contento,Ven,Cas,45485.976744186046,Sep25
Zap,Rancho Nuevo,Ven,Dep,81521.73913043478,Sep25
Zap,Rda. del Auditorio,Ven,Cas,28678.16091954023,Sep25
Zap,Real Cantabria,Ven,Cas,23065.61859193438,Sep25
Zap,Real Vallarta,Ven,Cas,33646.83133732535,Sep25
Zap,Real Vallarta,Ven,Dep,41196.902654867255,Sep25
Zap,Real de Valdepeñas,Ven,Cas,28571.42857142857,Sep25
Zap,Real del Bosque,Ven,Cas,35393.25842696629,Sep25
Zap,Real del Bosque,Ven,Dep,37536.23188405797,Sep25
Zap,Real del Camichín 8469,Ven,Cas,44089.743589743586,Sep25
Zap,Real del Carmen,Ven,Dep,53006.944444444445,Sep25
Zap,Real del Carmen Grand,Ven,Dep,38792.63596491228,Sep25
Zap,Reserva Real,Ven,Cas,49300.7,Sep25
Zap,Reserva Real,Ven,Dep,64968.56126416811,Sep25
Zap,Residencial Chapalita,Ven,Cas,38556.086956521736,Sep25
Zap,Residencial Chapalita,Ven,Dep,42648.64864864865,Sep25
Zap,Residencial del Valle,Ven,Cas,32142.85714285714,Sep25
Zap,Residencial del Valle,Ven,Dep,60000.0,Sep25
Zap,Revolución,Ven,Cas,6730.769230769231,Sep25
Zap,Rinconadas de Zapopan,Ven,Cas,26296.987087517933,Sep25
Zap,Rinconadas del Aire,Ven,Cas,28260.869565217392,Sep25
Zap,Rinconadas del Bosque,Ven,Cas,53324.09972299169,Sep25
Zap,Royal Country,Ven,Cas,53941.90871369295,Sep25
Zap,San Bernardo,Ven,Cas,54913.79310344828,Sep25
Zap,San Francisco,Ven,Cas,39062.5,Sep25
Zap,San Isidro Ejidal,Ven,Cas,18181.81818181818,Sep25
Zap,San Isidro Residencial,Ven,Cas,27490.981240981244,Sep25
Zap,San José del Bajío,Ven,Cas,17281.91489361702,Sep25
Zap,San Juan de Ocotán,Ven,Cas,42400.0,Sep25
Zap,San Juan de Ocotán,Ven,Dep,43027.02702702703,Sep25
Zap,San Miguel de La Colina,Ven,Cas,42018.779342723006,Sep25
Zap,San Miguel de La Colina,Ven,Dep,47647.34939759036,Sep25
Zap,San Miguel de La Colina,Ven,Ofc,10000.0,Sep25
Zap,San Wenceslao,Ven,Cas,41395.199189309016,Sep25
Zap,Santa Ana Tepetitlán,Ven,Cas,30455.29090909091,Sep25
Zap,Santa Ana Tepetitlán,Ven,Dep,30631.31313131313,Sep25
Zap,Santa Ana Tepetitlán,Ven,Local comercial,25725.190839694656,Sep25
Zap,Santa Catalina,Ven,Cas,32814.36349494425,Sep25
Zap,Santa Fe,Ven,Cas,30987.745098039217,Sep25
Zap,Santa Fe,Ven,Dep,55223.880597014926,Sep25
Zap,Santa Isabel,Ven,Cas,48484.84848484849,Sep25
Zap,Santa Isabel,Ven,Dep,38651.616766467065,Sep25
Zap,Santa Isabel,Ven,Terreno / Lote,32308.584686774942,Sep25
Zap,Santa Margarita,Ven,Cas,34916.666666666664,Sep25
Zap,Santa Margarita Residencial,Ven,Cas,25865.3085443038,Sep25
Zap,Santa Margarita Residencial,Ven,Dep,20392.857142857145,Sep25
Zap,Santa María del Pueblito,Ven,Dep,70181.80820399112,Sep25
Zap,Santa Rita,Ven,Cas,46739.13043478261,Sep25
Zap,Santa Rita,Ven,Dep,57823.12925170068,Sep25
Zap,Santillana,Ven,Cas,36615.553888888884,Sep25
Zap,Santillana,Ven,Dep,37272.72727272727,Sep25
Zap,Seattle,Ven,Cas,36363.63636363636,Sep25
Zap,Sendas,Ven,Cas,24285.714285714286,Sep25
Zap,Sendas,Ven,Dep,31111.043689320388,Sep25
Zap,Sendas Residencial G3,Ven,Cas,22631.57894736842,Sep25
Zap,Sevilla,Ven,Cas,30909.090909090908,Sep25
Zap,Sin Nombre,Ven,Cas,48734.371875,Sep25
Zap,Sin Nombre,Ven,Dep,65700.69063079776,Sep25
Zap,Soare Acantia I,Ven,Cas,37500.0,Sep25
Zap,Soare II Coto2,Ven,Cas,40432.0987654321,Sep25
Zap,Solares,Ven,Cas,38259.10931174089,Sep25
Zap,Solares,Ven,Dep,57125.0,Sep25
Zap,Solares,Ven,Terreno / Lote,71287.4251497006,Sep25
Zap,Solares Althea,Ven,Cas,36328.125,Sep25
Zap,Solares Antara,Ven,Cas,38106.796116504855,Sep25
Zap,Solares Antara,Ven,Dep,46470.58823529412,Sep25
Zap,Solares Aveira,Ven,Cas,37096.77419354839,Sep25
Zap,Sole Real,Ven,Cas,77881.6199376947,Sep25
Zap,Sole Real,Ven,Dep,57629.95896032832,Sep25
Zap,Somos,Ven,Cas,25338.98305084746,Sep25
Zap,Soto Park,Ven,Cas,23555.555555555555,Sep25
Zap,Tabachines,Ven,Cas,20772.727272727272,Sep25
Zap,Tabachines,Ven,Dep,41515.32558139535,Sep25
Zap,Tepeyac,Ven,Dep,50095.23333333333,Sep25
Zap,Tepeyac Casino,Ven,Cas,34500.0,Sep25
Zap,Tepeyac Casino,Ven,Dep,43639.332365747454,Sep25
Zap,Tesistán,Ven,Cas,18966.6464217026,Sep25
Zap,Tesistán,Ven,Dep,15319.148936170212,Sep25
Zap,Tierra Residencial,Ven,Cas,21652.17391304348,Sep25
Zap,Torres Cibeles,Ven,Dep,41218.51443280015,Sep25
Zap,Trento,Ven,Cas,29314.96062992126,Sep25
Zap,Unidad Cadete Fco. Márquez,Ven,Cas,33823.529411764706,Sep25
Zap,Unidad José Luis López Portillo,Ven,Cas,23863.636363636364,Sep25
Zap,Valdepeñas II,Ven,Cas,24757.859281437126,Sep25
Zap,Valeira,Ven,Cas,40200.09689922481,Sep25
Zap,Valeira,Ven,Dep,38579.75572519084,Sep25
Zap,Vallarta,Ven,Cas,33057.85123966942,Sep25
Zap,Vallarta Universidad,Ven,Cas,36282.12560386474,Sep25
Zap,Vallarta Universidad,Ven,Dep,69630.16917293234,Sep25
Zap,Valle Esmeralda,Ven,Cas,38228.73404091678,Sep25
Zap,Valle Imperial,Ven,Cas,28729.2817679558,Sep25
Zap,Valle Imperial,Ven,Dep,21626.984126984127,Sep25
Zap,Valle Imperial,Ven,Terreno / Lote,33061.141304347824,Sep25
Zap,Valle Norte,Ven,Cas,18688.524590163932,Sep25
Zap,Valle Real,Ven,Cas,51647.05882352941,Sep25
Zap,Valle Real,Ven,Dep,60769.230769230766,Sep25
Zap,Valle Real,Ven,Terreno / Lote,50000.0,Sep25
Zap,Valle de La Providencia,Ven,Dep,17596.153846153848,Sep25
Zap,Valle de Los Molinos,Ven,Cas,13223.140495867769,Sep25
Zap,Valle de Los Sauces,Ven,Cas,29387.01923076923,Sep25
Zap,Valle de San Isidro,Ven,Cas,30274.584929757344,Sep25
Zap,Valle de San Nicolas,Ven,Cas,25252.52525252525,Sep25
Zap,Valle del Fortín,Ven,Cas,30533.33333333333,Sep25
Zap,Vicente Guerrero,Ven,Cas,11111.111111111111,Sep25
Zap,Vicente Guerrero,Ven,Dep,40803.57142857143,Sep25
Zap,Victoria,Ven,Cas,30671.8112244898,Sep25
Zap,Victoria,Ven,Dep,63377.84360465116,Sep25
Zap,Victoria,Ven,Local comercial,40588.23529411765,Sep25
Zap,Villa Coral,Ven,Cas,43319.415448851774,Sep25
Zap,Villa Fontana Diamante,Ven,Dep,15965.909090909092,Sep25
Zap,Villa La Cima,Ven,Cas,57373.94108527132,Sep25
Zap,Villa Magna,Ven,Cas,119249.92371854614,Sep25
Zap,Villa Puerta del Sol,Ven,Dep,35909.09090909091,Sep25
Zap,Villa Universitaria,Ven,Cas,44848.48484848485,Sep25
Zap,Villa Universitaria,Ven,Dep,70192.30769230769,Sep25
Zap,Villa Verona,Ven,Cas,48765.67182692308,Sep25
Zap,Villa Verona,Ven,Dep,75139.70375457875,Sep25
Zap,Villa de Guadalupe,Ven,Cas,17501.680785262877,Sep25
Zap,Villa de Guadalupe,Ven,Local comercial,24000.0,Sep25
Zap,Villas Belenes,Ven,Cas,30926.481620405102,Sep25
Zap,Villas Perisur,Ven,Cas,21759.25925925926,Sep25
Zap,Villas Torremolinos,Ven,Cas,18897.63779527559,Sep25
Zap,Villas Torremolinos,Ven,Dep,24852.941176470587,Sep25
Zap,Villas Vallarta,Ven,Cas,29666.666666666668,Sep25
Zap,Villas de La Loma,Ven,Dep,41071.42857142857,Sep25
Zap,Villas de Tesistán,Ven,Cas,18359.375,Sep25
Zap,Villas del Ixtepete,Ven,Cas,26670.966228893056,Sep25
Zap,Villas del Palmar,Ven,Cas,27884.615384615383,Sep25
Zap,Villas del Tepeyac,Ven,Dep,49282.509803921566,Sep25
Zap,Virreyes,Ven,Cas,45565.015479876165,Sep25
Zap,Virreyes,Ven,Dep,35747.66355140187,Sep25
Zap,Vista Hermosa,Ven,Local comercial,17939.814814814814,Sep25
Zap,Vista Norte,Ven,Dep,19791.666666666668,Sep25
Zap,Vista Zapopan,Ven,Dep,16439.024390243903,Sep25
Zap,Vistas de Tesistán,Ven,Cas,17578.125,Sep25
Zap,Vistas del Sol,Ven,Cas,24559.362206421032,Sep25
Zap,Vistas del Valle,Ven,Cas,33007.51879699248,Sep25
Zap,Vistas del Valle 1,Ven,Cas,29077.66990291262,Sep25
Zap,Viveros del Valle,Ven,Cas,29071.42857142857,Sep25
Zap,Volcán del Colli,Ven,Dep,63378.55253623189,Sep25
Zap,Víctor Hugo,Ven,Dep,49081.81818181818,Sep25
Zap,Zapopan Centro,Ven,Dep,46444.90528128587,Sep25
Zap,Zenith,Ven,Cas,23770.491803278688,Sep25
Zap,Zoquipan,Ven,Cas,33900.0,Sep25
Zap,Zoquipan,Ven,Dep,34920.63492063492,Sep25
Zap,Zotogrande,Ven,Cas,87150.70436507936,Sep25
